{
  "content": [
    {
      "path": "ContentInfo/julysfire-airport-2ak7-baldmountain/Thumbnail.jpg",
      "size": 36497,
      "date": 132531654484031120
    },
    {
      "path": "Scenery/global/baldmountainobjects/baldMountmodelLib.BGL",
      "size": 4506,
      "date": 132791347162880861
    },
    {
      "path": "Scenery/global/baldmountainobjects/texture/DIRT_02_2K_BASE_COLOR.PNG.DDS",
      "size": 2796344,
      "date": 132791347162720712
    },
    {
      "path": "Scenery/global/baldmountainobjects/texture/DIRT_02_2K_BASE_COLOR.PNG.DDS.json",
      "size": 102,
      "date": 132791347162700692
    },
    {
      "path": "Scenery/global/baldmountainobjects/texture/DIRT_02_2K_NORMAL.PNG.DDS",
      "size": 5592560,
      "date": 132791347153566405
    },
    {
      "path": "Scenery/global/baldmountainobjects/texture/DIRT_02_2K_NORMAL.PNG.DDS.json",
      "size": 160,
      "date": 132791347153516363
    },
    {
      "path": "scenery/world/sceneryBaldMountain/poliestalkeetnaarea.bgl",
      "size": 75369,
      "date": 132791347147434869
    },
    {
      "path": "scenery/world/sceneryBaldMountain/scene.bgl",
      "size": 27563,
      "date": 132791347146704210
    }
  ]
}