{
  "content": [
    {
      "path": "ContentInfo/julysfire-airport-patk-talkeetna/Thumbnail.jpg",
      "size": 40418,
      "date": 132531670211207945
    },
    {
      "path": "Scenery/global/talkeetnaAreaObjects/talkeetnaAreamodelLib.BGL",
      "size": 143424,
      "date": 132750936062660256
    },
    {
      "path": "Scenery/global/talkeetnaAreaObjects/texture/DIRT_02_2K_BASE_COLOR.PNG.DDS",
      "size": 2796344,
      "date": 132750935995839685
    },
    {
      "path": "Scenery/global/talkeetnaAreaObjects/texture/DIRT_02_2K_BASE_COLOR.PNG.DDS.json",
      "size": 102,
      "date": 132750935995789640
    },
    {
      "path": "Scenery/global/talkeetnaAreaObjects/texture/DIRT_02_2K_NORMAL.PNG.DDS",
      "size": 5592560,
      "date": 132750935986821199
    },
    {
      "path": "Scenery/global/talkeetnaAreaObjects/texture/DIRT_02_2K_NORMAL.PNG.DDS.json",
      "size": 160,
      "date": 132750935986771152
    },
    {
      "path": "Scenery/global/talkeetnaAreaObjects/texture/LCOLOR.PNG.DDS",
      "size": 89478640,
      "date": 132750936062269904
    },
    {
      "path": "Scenery/global/talkeetnaAreaObjects/texture/LCOLOR.PNG.DDS.json",
      "size": 119,
      "date": 132750936061259715
    },
    {
      "path": "Scenery/global/talkeetnaAreaObjects/texture/REDTRIANGLEBARRIER.PNG.DDS",
      "size": 349680,
      "date": 132750936000444024
    },
    {
      "path": "Scenery/global/talkeetnaAreaObjects/texture/REDTRIANGLEBARRIER.PNG.DDS.json",
      "size": 119,
      "date": 132750936000434013
    },
    {
      "path": "Scenery/global/talkeetnaAreaObjects/texture/WOOD016_2K_NORMAL.PNG.DDS",
      "size": 5592560,
      "date": 132750936000013634
    },
    {
      "path": "Scenery/global/talkeetnaAreaObjects/texture/WOOD016_2K_NORMAL.PNG.DDS.json",
      "size": 160,
      "date": 132750935999963590
    },
    {
      "path": "scenery/world/scenerytalkeetnaArea/poliestalkeetnaarea.bgl",
      "size": 77903,
      "date": 132750936063841329
    },
    {
      "path": "scenery/world/scenerytalkeetnaArea/scene.bgl",
      "size": 51352,
      "date": 132750936063280822
    }
  ]
}