{
  "content": [
    {
      "path": "ContentInfo/julysfire-airport-2ak7-baldmountain/ContentHistory.json",
      "size": 159,
      "date": 133213337879222480
    },
    {
      "path": "ContentInfo/julysfire-airport-2ak7-baldmountain/Thumbnail.jpg",
      "size": 36497,
      "date": 132531654484031120
    },
    {
      "path": "Scenery/global/baldmountainobjects/baldMountmodelLib.BGL",
      "size": 4538,
      "date": 133213337879152411
    },
    {
      "path": "Scenery/global/baldmountainobjects/texture/Dirt_02_2K_Base_Color.png.DDS",
      "size": 2796344,
      "date": 132459870418470920
    },
    {
      "path": "Scenery/global/baldmountainobjects/texture/Dirt_02_2K_Base_Color.png.DDS.json",
      "size": 102,
      "date": 132459870418470920
    },
    {
      "path": "Scenery/global/baldmountainobjects/texture/Dirt_02_2K_Normal.png.DDS",
      "size": 5592560,
      "date": 132459870418260724
    },
    {
      "path": "Scenery/global/baldmountainobjects/texture/Dirt_02_2K_Normal.png.DDS.json",
      "size": 160,
      "date": 132459870418260724
    },
    {
      "path": "scenery/world/sceneryBaldMountain/scene.bgl",
      "size": 62494,
      "date": 133213337866263058
    }
  ]
}