{
  "content": [
    {
      "path": "ContentInfo/julysfire-airport-patk-talkeetna/Thumbnail.jpg",
      "size": 40418,
      "date": 132531670211207945
    },
    {
      "path": "Scenery/global/talkeetnaAreaObjects/talkeetnaAreamodelLib.BGL",
      "size": 143276,
      "date": 132531675904355123
    },
    {
      "path": "Scenery/global/talkeetnaAreaObjects/TEXTURE/DIRT_02_2K_BASE_COLOR.PNG.DDS",
      "size": 2796344,
      "date": 132531675827895773
    },
    {
      "path": "Scenery/global/talkeetnaAreaObjects/TEXTURE/DIRT_02_2K_BASE_COLOR.PNG.DDS.json",
      "size": 102,
      "date": 132531675827805688
    },
    {
      "path": "Scenery/global/talkeetnaAreaObjects/TEXTURE/DIRT_02_2K_NORMAL.PNG.DDS",
      "size": 5592560,
      "date": 132531675834591854
    },
    {
      "path": "Scenery/global/talkeetnaAreaObjects/TEXTURE/DIRT_02_2K_NORMAL.PNG.DDS.json",
      "size": 160,
      "date": 132531675834501770
    },
    {
      "path": "Scenery/global/talkeetnaAreaObjects/TEXTURE/LCOLOR.PNG.DDS",
      "size": 89478640,
      "date": 132531675903799526
    },
    {
      "path": "Scenery/global/talkeetnaAreaObjects/TEXTURE/LCOLOR.PNG.DDS.json",
      "size": 119,
      "date": 132531675902908908
    },
    {
      "path": "Scenery/global/talkeetnaAreaObjects/TEXTURE/REDTRIANGLEBARRIER.PNG.DDS",
      "size": 349680,
      "date": 132531675835257498
    },
    {
      "path": "Scenery/global/talkeetnaAreaObjects/TEXTURE/REDTRIANGLEBARRIER.PNG.DDS.json",
      "size": 119,
      "date": 132531675835237486
    },
    {
      "path": "Scenery/global/talkeetnaAreaObjects/TEXTURE/WOOD016_2K_NORMAL.PNG.DDS",
      "size": 5592560,
      "date": 132531675839391236
    },
    {
      "path": "Scenery/global/talkeetnaAreaObjects/TEXTURE/WOOD016_2K_NORMAL.PNG.DDS.json",
      "size": 160,
      "date": 132531675839341187
    },
    {
      "path": "Scenery/world/scenerytalkeetnaArea/POLIESTALKEETNAAREA.BGL",
      "size": 84810,
      "date": 132531675910090329
    },
    {
      "path": "Scenery/world/scenerytalkeetnaArea/scene.bgl",
      "size": 51352,
      "date": 132531675905315990
    }
  ]
}