{
  "content": [
    {
      "path": "ContentInfo/julysfire-airport-2ak7-baldmountain/Thumbnail.jpg",
      "size": 36497,
      "date": 132531654484031120
    },
    {
      "path": "scenery/global/baldmountainobjects/baldMountmodelLib.BGL",
      "size": 4506,
      "date": 133003088468483022
    },
    {
      "path": "scenery/global/baldmountainobjects/texture/DIRT_02_2K_BASE_COLOR.PNG.DDS",
      "size": 2796344,
      "date": 133003088468262820
    },
    {
      "path": "scenery/global/baldmountainobjects/texture/DIRT_02_2K_BASE_COLOR.PNG.DDS.json",
      "size": 102,
      "date": 133003088468222784
    },
    {
      "path": "scenery/global/baldmountainobjects/texture/DIRT_02_2K_NORMAL.PNG.DDS",
      "size": 5592560,
      "date": 133003088459347391
    },
    {
      "path": "scenery/global/baldmountainobjects/texture/DIRT_02_2K_NORMAL.PNG.DDS.json",
      "size": 160,
      "date": 133003088459307355
    },
    {
      "path": "scenery/world/sceneryBaldMountain/scene.bgl",
      "size": 62967,
      "date": 133003088453168271
    }
  ]
}