{
  "content": [
    {
      "path": "ContentInfo/julysfire-airport-2ak7-baldmountain/Thumbnail.jpg",
      "size": 36497,
      "date": 132531654484031120
    },
    {
      "path": "Scenery/global/baldmountainobjects/baldMountmodelLib.BGL",
      "size": 4506,
      "date": 133003115261127990
    },
    {
      "path": "Scenery/global/baldmountainobjects/texture/DIRT_02_2K_BASE_COLOR.PNG.DDS",
      "size": 2796344,
      "date": 133003115260927646
    },
    {
      "path": "Scenery/global/baldmountainobjects/texture/DIRT_02_2K_BASE_COLOR.PNG.DDS.json",
      "size": 102,
      "date": 133003115260887607
    },
    {
      "path": "Scenery/global/baldmountainobjects/texture/DIRT_02_2K_NORMAL.PNG.DDS",
      "size": 5592560,
      "date": 133003115253294150
    },
    {
      "path": "Scenery/global/baldmountainobjects/texture/DIRT_02_2K_NORMAL.PNG.DDS.json",
      "size": 160,
      "date": 133003115253224083
    },
    {
      "path": "scenery/world/sceneryBaldMountain/scene.bgl",
      "size": 62494,
      "date": 133003115248329630
    }
  ]
}