{
  "content": [
    {
      "path": "ContentInfo/julysfire-airport-2ak7-baldmountain/Thumbnail.jpg",
      "size": 36497,
      "date": 132531654484031120
    },
    {
      "path": "Scenery/global/baldmountainobjects/baldMountmodelLib.BGL",
      "size": 4506,
      "date": 132750936085188194
    },
    {
      "path": "Scenery/global/baldmountainobjects/texture/DIRT_02_2K_BASE_COLOR.PNG.DDS",
      "size": 2796344,
      "date": 132750936085018039
    },
    {
      "path": "Scenery/global/baldmountainobjects/texture/DIRT_02_2K_BASE_COLOR.PNG.DDS.json",
      "size": 102,
      "date": 132750936084967993
    },
    {
      "path": "Scenery/global/baldmountainobjects/texture/DIRT_02_2K_NORMAL.PNG.DDS",
      "size": 5592560,
      "date": 132750936075612349
    },
    {
      "path": "Scenery/global/baldmountainobjects/texture/DIRT_02_2K_NORMAL.PNG.DDS.json",
      "size": 160,
      "date": 132750936075572314
    },
    {
      "path": "scenery/world/sceneryBaldMountain/poliestalkeetnaarea.bgl",
      "size": 75369,
      "date": 132750936068885916
    },
    {
      "path": "scenery/world/sceneryBaldMountain/scene.bgl",
      "size": 27547,
      "date": 132750936068355432
    }
  ]
}