{
  "content": [
    {
      "path": "ContentInfo/julysfire-airport-patk-talkeetna/Thumbnail.jpg",
      "size": 40418,
      "date": 132531670211207945
    },
    {
      "path": "Scenery/global/talkeetnaAreaObjects/talkeetnaAreamodelLib.BGL",
      "size": 143276,
      "date": 132628406346243804
    },
    {
      "path": "Scenery/global/talkeetnaAreaObjects/TEXTURE/DIRT_02_2K_BASE_COLOR.PNG.DDS",
      "size": 2796344,
      "date": 132628406278146988
    },
    {
      "path": "Scenery/global/talkeetnaAreaObjects/TEXTURE/DIRT_02_2K_BASE_COLOR.PNG.DDS.json",
      "size": 102,
      "date": 132628406278116961
    },
    {
      "path": "Scenery/global/talkeetnaAreaObjects/TEXTURE/DIRT_02_2K_NORMAL.PNG.DDS",
      "size": 5592560,
      "date": 132628406269174044
    },
    {
      "path": "Scenery/global/talkeetnaAreaObjects/TEXTURE/DIRT_02_2K_NORMAL.PNG.DDS.json",
      "size": 160,
      "date": 132628406269124002
    },
    {
      "path": "Scenery/global/talkeetnaAreaObjects/TEXTURE/LCOLOR.PNG.DDS",
      "size": 89478640,
      "date": 132628406345683284
    },
    {
      "path": "Scenery/global/talkeetnaAreaObjects/TEXTURE/LCOLOR.PNG.DDS.json",
      "size": 119,
      "date": 132628406344782323
    },
    {
      "path": "Scenery/global/talkeetnaAreaObjects/TEXTURE/REDTRIANGLEBARRIER.PNG.DDS",
      "size": 349680,
      "date": 132628406282910208
    },
    {
      "path": "Scenery/global/talkeetnaAreaObjects/TEXTURE/REDTRIANGLEBARRIER.PNG.DDS.json",
      "size": 119,
      "date": 132628406282900187
    },
    {
      "path": "Scenery/global/talkeetnaAreaObjects/TEXTURE/WOOD016_2K_NORMAL.PNG.DDS",
      "size": 5592560,
      "date": 132628406282389726
    },
    {
      "path": "Scenery/global/talkeetnaAreaObjects/TEXTURE/WOOD016_2K_NORMAL.PNG.DDS.json",
      "size": 160,
      "date": 132628406282349692
    },
    {
      "path": "Scenery/world/scenerytalkeetnaArea/poliestalkeetnaarea.bgl",
      "size": 84810,
      "date": 132628406350577749
    },
    {
      "path": "Scenery/world/scenerytalkeetnaArea/scene.bgl",
      "size": 51352,
      "date": 132628406347014493
    }
  ]
}