{
  "content": [
    {
      "path": "ContentInfo/julysfire-airport-patk-talkeetna/ContentHistory.json",
      "size": 156,
      "date": 133213337860964527
    },
    {
      "path": "ContentInfo/julysfire-airport-patk-talkeetna/Thumbnail.jpg",
      "size": 40418,
      "date": 132531670211207945
    },
    {
      "path": "Scenery/global/talkeetnaAreaObjects/talkeetnaAreamodelLib.BGL",
      "size": 143524,
      "date": 133213337859363227
    },
    {
      "path": "Scenery/global/talkeetnaAreaObjects/texture/Dirt_02_2K_Base_Color.png.DDS",
      "size": 2796344,
      "date": 132459870418470920
    },
    {
      "path": "Scenery/global/talkeetnaAreaObjects/texture/Dirt_02_2K_Base_Color.png.DDS.json",
      "size": 102,
      "date": 132459870418470920
    },
    {
      "path": "Scenery/global/talkeetnaAreaObjects/texture/Dirt_02_2K_Normal.png.DDS",
      "size": 5592560,
      "date": 132459870418260724
    },
    {
      "path": "Scenery/global/talkeetnaAreaObjects/texture/Dirt_02_2K_Normal.png.DDS.json",
      "size": 160,
      "date": 132459870418260724
    },
    {
      "path": "Scenery/global/talkeetnaAreaObjects/texture/LColor.png.DDS",
      "size": 89478640,
      "date": 132467657818862536
    },
    {
      "path": "Scenery/global/talkeetnaAreaObjects/texture/LColor.png.DDS.json",
      "size": 119,
      "date": 132467657818862536
    },
    {
      "path": "Scenery/global/talkeetnaAreaObjects/texture/redtrianglebarrier.png.DDS",
      "size": 349680,
      "date": 132466368474633459
    },
    {
      "path": "Scenery/global/talkeetnaAreaObjects/texture/redtrianglebarrier.png.DDS.json",
      "size": 119,
      "date": 132466368474633459
    },
    {
      "path": "Scenery/global/talkeetnaAreaObjects/texture/Wood016_2K_Normal.png.DDS",
      "size": 5592560,
      "date": 132466368474583413
    },
    {
      "path": "Scenery/global/talkeetnaAreaObjects/texture/Wood016_2K_Normal.png.DDS.json",
      "size": 160,
      "date": 132466368474583413
    },
    {
      "path": "scenery/world/scenerytalkeetnaArea/scene.bgl",
      "size": 92439,
      "date": 133213337860884448
    }
  ]
}