{
  "content": [
    {
      "path": "ContentInfo/julysfire-airport-patk-talkeetna/Thumbnail.jpg",
      "size": 40418,
      "date": 132531670211207945
    },
    {
      "path": "Scenery/global/talkeetnaAreaObjects/talkeetnaAreamodelLib.BGL",
      "size": 143524,
      "date": 132998578951556252
    },
    {
      "path": "Scenery/global/talkeetnaAreaObjects/texture/DIRT_02_2K_BASE_COLOR.PNG.DDS",
      "size": 2796344,
      "date": 132998578888320804
    },
    {
      "path": "Scenery/global/talkeetnaAreaObjects/texture/DIRT_02_2K_BASE_COLOR.PNG.DDS.json",
      "size": 102,
      "date": 132998578888285712
    },
    {
      "path": "Scenery/global/talkeetnaAreaObjects/texture/DIRT_02_2K_NORMAL.PNG.DDS",
      "size": 5592560,
      "date": 132998578880588702
    },
    {
      "path": "Scenery/global/talkeetnaAreaObjects/texture/DIRT_02_2K_NORMAL.PNG.DDS.json",
      "size": 160,
      "date": 132998578880528653
    },
    {
      "path": "Scenery/global/talkeetnaAreaObjects/texture/LCOLOR.PNG.DDS",
      "size": 89478640,
      "date": 132998578951402081
    },
    {
      "path": "Scenery/global/talkeetnaAreaObjects/texture/LCOLOR.PNG.DDS.json",
      "size": 119,
      "date": 132998578950547823
    },
    {
      "path": "Scenery/global/talkeetnaAreaObjects/texture/REDTRIANGLEBARRIER.PNG.DDS",
      "size": 349680,
      "date": 132998578891994172
    },
    {
      "path": "Scenery/global/talkeetnaAreaObjects/texture/REDTRIANGLEBARRIER.PNG.DDS.json",
      "size": 119,
      "date": 132998578891984161
    },
    {
      "path": "Scenery/global/talkeetnaAreaObjects/texture/WOOD016_2K_NORMAL.PNG.DDS",
      "size": 5592560,
      "date": 132998578891643852
    },
    {
      "path": "Scenery/global/talkeetnaAreaObjects/texture/WOOD016_2K_NORMAL.PNG.DDS.json",
      "size": 160,
      "date": 132998578891603884
    },
    {
      "path": "Scenery/world/scenerytalkeetnaArea/scene.bgl",
      "size": 92887,
      "date": 132998578953157722
    }
  ]
}