{
  "content": [
    {
      "path": "ContentInfo/julysfire-airport-baldmountain/Thumbnail.jpg",
      "size": 13520,
      "date": 132399197780000000
    },
    {
      "path": "scenery/global/baldmountainobjects/baldMountmodelLib.BGL",
      "size": 4454,
      "date": 132512401732978593
    },
    {
      "path": "scenery/global/baldmountainobjects/TEXTURE/DIRT_02_2K_BASE_COLOR.PNG.DDS",
      "size": 2796344,
      "date": 132512401732788424
    },
    {
      "path": "scenery/global/baldmountainobjects/TEXTURE/DIRT_02_2K_BASE_COLOR.PNG.DDS.json",
      "size": 102,
      "date": 132512401732718421
    },
    {
      "path": "scenery/global/baldmountainobjects/TEXTURE/DIRT_02_2K_NORMAL.PNG.DDS",
      "size": 5592560,
      "date": 132512401723835249
    },
    {
      "path": "scenery/global/baldmountainobjects/TEXTURE/DIRT_02_2K_NORMAL.PNG.DDS.json",
      "size": 160,
      "date": 132512401723775194
    },
    {
      "path": "scenery/world/sceneryBaldMountain/POLIESTALKEETNAAREA.BGL",
      "size": 84174,
      "date": 132512401717174153
    },
    {
      "path": "scenery/world/sceneryBaldMountain/scene.bgl",
      "size": 27547,
      "date": 132512401712910287
    }
  ]
}