{
  "content": [
    {
      "path": "ContentInfo/julysfire-airport-2ak7-baldmountain/Thumbnail.jpg",
      "size": 36497,
      "date": 132531654484031120
    },
    {
      "path": "scenery/global/baldmountainobjects/baldMountmodelLib.BGL",
      "size": 4506,
      "date": 132998576148866454
    },
    {
      "path": "scenery/global/baldmountainobjects/texture/DIRT_02_2K_BASE_COLOR.PNG.DDS",
      "size": 2796344,
      "date": 132998576148746346
    },
    {
      "path": "scenery/global/baldmountainobjects/texture/DIRT_02_2K_BASE_COLOR.PNG.DDS.json",
      "size": 102,
      "date": 132998576148726323
    },
    {
      "path": "scenery/global/baldmountainobjects/texture/DIRT_02_2K_NORMAL.PNG.DDS",
      "size": 5592560,
      "date": 132998576141129423
    },
    {
      "path": "scenery/global/baldmountainobjects/texture/DIRT_02_2K_NORMAL.PNG.DDS.json",
      "size": 160,
      "date": 132998576141079257
    },
    {
      "path": "scenery/world/sceneryBaldMountain/scene.bgl",
      "size": 62992,
      "date": 132998576136124746
    }
  ]
}