{
  "content": [
    {
      "path": "ContentInfo/julysfire-airport-2ak7-baldmountain/Thumbnail.jpg",
      "size": 36497,
      "date": 132531654484031120
    },
    {
      "path": "scenery/global/baldmountainobjects/baldMountmodelLib.BGL",
      "size": 4454,
      "date": 132628406386822983
    },
    {
      "path": "scenery/global/baldmountainobjects/TEXTURE/DIRT_02_2K_BASE_COLOR.PNG.DDS",
      "size": 2796344,
      "date": 132628406386582762
    },
    {
      "path": "scenery/global/baldmountainobjects/TEXTURE/DIRT_02_2K_BASE_COLOR.PNG.DDS.json",
      "size": 102,
      "date": 132628406386552736
    },
    {
      "path": "scenery/global/baldmountainobjects/TEXTURE/DIRT_02_2K_NORMAL.PNG.DDS",
      "size": 5592560,
      "date": 132628406377574552
    },
    {
      "path": "scenery/global/baldmountainobjects/TEXTURE/DIRT_02_2K_NORMAL.PNG.DDS.json",
      "size": 160,
      "date": 132628406377524506
    },
    {
      "path": "scenery/world/sceneryBaldMountain/poliestalkeetnaarea.bgl",
      "size": 84174,
      "date": 132628406371062202
    },
    {
      "path": "scenery/world/sceneryBaldMountain/scene.bgl",
      "size": 27547,
      "date": 132628406367669114
    }
  ]
}