{
  "content": [
    {
      "path": "ContentInfo/julysfire-airport-talkeetna-area-pack/Thumbnail.jpg",
      "size": 13520,
      "date": 132399197780000000
    },
    {
      "path": "scenery/global/scenery/modelLib.BGL",
      "size": 143636,
      "date": 132468324405377616
    },
    {
      "path": "scenery/global/scenery/TEXTURE/DIRT_02_2K_BASE_COLOR.PNG.DDS",
      "size": 2796344,
      "date": 132468324340912177
    },
    {
      "path": "scenery/global/scenery/TEXTURE/DIRT_02_2K_BASE_COLOR.PNG.DDS.json",
      "size": 102,
      "date": 132468324340871935
    },
    {
      "path": "scenery/global/scenery/TEXTURE/DIRT_02_2K_NORMAL.PNG.DDS",
      "size": 5592560,
      "date": 132468324332994758
    },
    {
      "path": "scenery/global/scenery/TEXTURE/DIRT_02_2K_NORMAL.PNG.DDS.json",
      "size": 160,
      "date": 132468324332944711
    },
    {
      "path": "scenery/global/scenery/TEXTURE/LCOLOR.PNG.DDS",
      "size": 89478640,
      "date": 132468324404927032
    },
    {
      "path": "scenery/global/scenery/TEXTURE/LCOLOR.PNG.DDS.json",
      "size": 119,
      "date": 132468324404035944
    },
    {
      "path": "scenery/global/scenery/TEXTURE/REDTRIANGLEBARRIER.PNG.DDS",
      "size": 349680,
      "date": 132468324344945866
    },
    {
      "path": "scenery/global/scenery/TEXTURE/REDTRIANGLEBARRIER.PNG.DDS.json",
      "size": 119,
      "date": 132468324344925847
    },
    {
      "path": "scenery/global/scenery/TEXTURE/WOOD016_2K_NORMAL.PNG.DDS",
      "size": 5592560,
      "date": 132468324344515474
    },
    {
      "path": "scenery/global/scenery/TEXTURE/WOOD016_2K_NORMAL.PNG.DDS.json",
      "size": 160,
      "date": 132468324344465431
    },
    {
      "path": "scenery/world/scenery/POLIES.BGL",
      "size": 84150,
      "date": 132468324411559314
    },
    {
      "path": "scenery/world/scenery/scene.bgl",
      "size": 137735,
      "date": 132468324406839991
    }
  ]
}